{
  "system": "Windows",
  "version": "0.7.0",
  "lite": false,
  "py_version": "3.9",
  "py_version_micro": "3.9.7",
  "packages": {
    "pygments": "2.13.0",
    "tempita": "0.5.2",
    "asttokens": "2.0.8",
    "backcall": "0.2.0",
    "debugpy": "1.6.3",
    "entrypoints": "0.4",
    "executing": "1.0.0",
    "fastjsonschema": "2.17.1",
    "google-auth": "2.22.0",
    "interpolation": "2.2.4",
    "ipykernel": "6.15.3",
    "ipython": "8.5.0",
    "jedi": "0.18.1",
    "jupyter-client": "7.3.5",
    "jupyter-core": "4.11.1",
    "llvmlite": "0.40.0",
    "matplotlib-inline": "0.1.6",
    "mistune": "3.0.1",
    "nbconvert": "7.6.0",
    "nbformat": "5.9.0",
    "nest-asyncio": "1.5.5",
    "numba": "0.57.0",
    "packaging": "21.3",
    "parso": "0.8.3",
    "pickleshare": "0.7.5",
    "prompt-toolkit": "3.0.31",
    "psutil": "5.9.2",
    "pure-eval": "0.2.2",
    "pyparsing": "3.0.9",
    "python-dateutil": "2.8.2",
    "pywin32": "304",
    "pyzmq": "24.0.0",
    "quantecon": "0.7.0",
    "six": "1.16.0",
    "stack-data": "0.5.0",
    "tinycss2": "1.2.1",
    "tornado": "6.2",
    "traitlets": "5.4.0",
    "wcwidth": "0.2.5",
    "babel": "2.9.1",
    "bottleneck": "1.3.2",
    "catlearn": "0.6.2",
    "cathub": "0.1.7",
    "cython": "0.29.24",
    "deepxde": "1.5.1",
    "deprecated": "1.2.13",
    "flask": "1.1.2",
    "gpy": "1.12.0",
    "gpyopt": "1.2.6",
    "gitpython": "3.1.36",
    "heapdict": "1.0.1",
    "jinja2": "3.1.2",
    "keras-preprocessing": "1.1.2",
    "mako": "1.2.4",
    "markdown": "3.3.7",
    "markupsafe": "2.1.2",
    "pillow": "9.5.0",
    "pyjwt": "2.1.0",
    "pynacl": "1.4.0",
    "pysimplegui": "4.60.5",
    "pysocks": "1.7.1",
    "pywavelets": "1.1.1",
    "pyyaml": "6.0",
    "pympler": "1.0.1",
    "qdarkstyle": "3.0.2",
    "qtawesome": "1.0.2",
    "qtpy": "1.10.0",
    "rtree": "0.9.7",
    "sqlalchemy": "1.4.0",
    "send2trash": "1.8.0",
    "sphinx": "4.2.0",
    "tbb": "0.2",
    "unidecode": "1.2.0",
    "werkzeug": "2.0.2",
    "xlsxwriter": "3.0.1",
    "absl-py": "1.1.0",
    "accelerate": "0.16.0",
    "aiohttp": "3.8.4",
    "aiosignal": "1.3.1",
    "alabaster": "0.7.12",
    "altair": "4.2.2",
    "anaconda-client": "1.9.0",
    "anaconda-navigator": "2.1.1",
    "anaconda-project": "0.10.1",
    "ansi2html": "1.8.0",
    "antlr4-python3-runtime": "4.9.3",
    "anyio": "2.2.0",
    "appdirs": "1.4.4",
    "argh": "0.26.2",
    "argon2-cffi": "20.1.0",
    "arrow": "0.13.1",
    "ase": "3.22.1",
    "asn1crypto": "1.4.0",
    "astroid": "2.6.6",
    "astropy": "4.3.1",
    "astunparse": "1.6.3",
    "async-generator": "1.10",
    "async-timeout": "4.0.2",
    "atomicwrites": "1.4.0",
    "attrs": "21.4.0",
    "autogluon": "0.7.0",
    "autogluon.common": "0.7.0",
    "autogluon.core": "0.7.0",
    "autogluon.features": "0.7.0",
    "autogluon.multimodal": "0.7.0",
    "autogluon.tabular": "0.7.0",
    "autogluon.timeseries": "0.7.0",
    "autopep8": "1.5.7",
    "backports.functools-lru-cache": "1.6.4",
    "backports.shutil-get-terminal-size": "1.0.0",
    "backports.tempfile": "1.0",
    "backports.weakref": "1.0.post1",
    "bayesian-optimization": "1.4.3",
    "bcrypt": "3.2.0",
    "beautifulsoup4": "4.10.0",
    "binaryornot": "0.4.4",
    "bitarray": "2.3.0",
    "bkcharts": "0.2",
    "black": "19.10b0",
    "bleach": "4.0.0",
    "blinker": "1.6.2",
    "blis": "0.7.9",
    "bokeh": "2.4.1",
    "boto": "2.49.0",
    "boto3": "1.26.140",
    "botocore": "1.29.140",
    "brotlipy": "0.7.0",
    "bs4": "0.0.1",
    "cached-property": "1.5.2",
    "cachetools": "5.2.0",
    "catalogue": "2.0.8",
    "catboost": "1.1.1",
    "certifi": "2021.10.8",
    "cffi": "1.14.6",
    "chardet": "4.0.0",
    "charset-normalizer": "2.0.4",
    "check-shapes": "1.1.1",
    "chex": "0.1.81",
    "click": "8.0.3",
    "cloudpickle": "2.0.0",
    "clyent": "1.2.2",
    "colorama": "0.4.6",
    "comtypes": "1.1.10",
    "conda": "4.13.0",
    "conda-build": "3.21.6",
    "conda-content-trust": "0+unknown",
    "conda-pack": "0.6.0",
    "conda-package-handling": "1.7.3",
    "conda-repo-cli": "1.0.4",
    "conda-token": "0.3.0",
    "conda-verify": "3.4.2",
    "confection": "0.0.4",
    "contextlib2": "0.6.0.post1",
    "contourpy": "1.0.7",
    "cookiecutter": "1.7.2",
    "cryptography": "3.4.8",
    "cycler": "0.10.0",
    "cymem": "2.0.7",
    "cytoolz": "0.11.0",
    "d2l": "0.17.6",
    "daal4py": "2021.3.0",
    "dash": "2.11.0",
    "dash-core-components": "2.0.0",
    "dash-cytoscape": "0.3.0",
    "dash-html-components": "2.0.0",
    "dash-table": "5.0.0",
    "dask": "2021.10.0",
    "datasets": "2.12.0",
    "decorator": "4.4.2",
    "defusedxml": "0.7.1",
    "diff-match-patch": "20200713",
    "dill": "0.3.6",
    "distlib": "0.3.6",
    "distributed": "2021.10.0",
    "dm-tree": "0.1.8",
    "docutils": "0.17.1",
    "dropstackframe": "0.1.0",
    "emmet-core": "0.60.2",
    "et-xmlfile": "1.1.0",
    "etils": "1.3.0",
    "evaluate": "0.3.0",
    "exceptiongroup": "1.1.1",
    "fairscale": "0.4.13",
    "fastai": "2.7.12",
    "fastcache": "1.1.0",
    "fastcore": "1.5.29",
    "fastdownload": "0.0.7",
    "fastprogress": "1.0.3",
    "filelock": "3.12.0",
    "flake8": "3.9.2",
    "flatbuffers": "23.5.26",
    "flax": "0.6.11",
    "fonttools": "4.25.0",
    "frozenlist": "1.3.3",
    "fsspec": "2023.5.0",
    "future": "0.18.2",
    "gast": "0.4.0",
    "gdown": "4.7.1",
    "gevent": "21.8.0",
    "gitdb": "4.0.10",
    "glob2": "0.7",
    "gluonts": "0.12.8",
    "google-auth-oauthlib": "1.0.0",
    "google-pasta": "0.2.0",
    "google-vizier": "0.1.6",
    "googleapis-common-protos": "1.59.1",
    "gpflow": "2.9.0",
    "gpytorch": "1.11",
    "graphviz": "0.20.1",
    "greenlet": "1.1.1",
    "grpcio": "1.56.0",
    "grpcio-tools": "1.56.0",
    "h11": "0.14.0",
    "h5py": "3.2.1",
    "html5lib": "1.1",
    "huggingface-hub": "0.14.1",
    "hyperopt": "0.2.7",
    "idna": "2.10",
    "imagecodecs": "2021.8.26",
    "imageio": "2.9.0",
    "imageio-ffmpeg": "0.4.8",
    "imagesize": "1.2.0",
    "imbalanced-learn": "0.6.2",
    "importlib-metadata": "4.8.1",
    "importlib-resources": "5.12.0",
    "inflection": "0.5.1",
    "iniconfig": "1.1.1",
    "interpret": "0.4.2",
    "interpret-core": "0.4.2",
    "intervaltree": "3.1.0",
    "ipython-genutils": "0.2.0",
    "ipywidgets": "7.6.5",
    "isort": "5.9.3",
    "itsdangerous": "2.0.1",
    "jax": "0.4.13",
    "jaxlib": "0.4.13",
    "jaxopt": "0.7",
    "jaxtyping": "0.2.20",
    "jdcal": "1.4.1",
    "jinja2-time": "0.2.0",
    "jmespath": "1.0.1",
    "joblib": "1.2.0",
    "json5": "0.9.6",
    "jsonschema": "4.17.3",
    "jupyter": "1.0.0",
    "jupyter-console": "6.4.0",
    "jupyter-server": "1.4.1",
    "jupyterlab": "3.2.1",
    "jupyterlab-pygments": "0.1.2",
    "jupyterlab-server": "2.8.2",
    "jupyterlab-widgets": "1.0.0",
    "kaggle": "1.5.16",
    "keras": "2.13.1",
    "keyring": "23.1.0",
    "kiwisolver": "1.3.1",
    "langcodes": "3.3.0",
    "lark": "1.1.7",
    "latexcodec": "2.0.1",
    "lazy-object-proxy": "1.6.0",
    "libarchive-c": "2.9",
    "libclang": "14.0.1",
    "lightgbm": "3.3.5",
    "lightning-utilities": "0.8.0",
    "lime": "0.2.0.1",
    "linear-operator": "0.5.0",
    "lxml": "4.6.3",
    "markdown-it-py": "2.2.0",
    "matplotlib": "3.5.1",
    "mccabe": "0.6.1",
    "mdurl": "0.1.2",
    "menuinst": "1.4.18",
    "mkl-fft": "1.3.1",
    "mkl-random": "1.2.2",
    "mkl-service": "2.4.0",
    "ml-dtypes": "0.2.0",
    "mock": "4.0.3",
    "model-index": "0.1.11",
    "monty": "2023.5.8",
    "more-itertools": "8.10.0",
    "moviepy": "1.0.3",
    "mp-api": "0.33.3",
    "mpmath": "1.2.1",
    "msgpack": "1.0.2",
    "multidict": "6.0.4",
    "multipledispatch": "0.6.0",
    "multiprocess": "0.70.14",
    "munkres": "1.1.4",
    "murmurhash": "1.0.9",
    "mypy-extensions": "0.4.3",
    "navigator-updater": "0.2.1",
    "nbclassic": "0.2.6",
    "nbclient": "0.5.3",
    "networkx": "2.6.3",
    "nlpaug": "1.1.11",
    "nltk": "3.6.5",
    "nose": "1.3.7",
    "notebook": "6.4.5",
    "nptyping": "2.4.1",
    "numexpr": "2.7.3",
    "numpy": "1.24.3",
    "numpydoc": "1.1.0",
    "oauthlib": "3.2.0",
    "olefile": "0.46",
    "omegaconf": "2.2.3",
    "opencv-python": "4.7.0.68",
    "openmim": "0.3.7",
    "openpyxl": "3.0.9",
    "opt-einsum": "3.3.0",
    "optax": "0.1.5",
    "orbax-checkpoint": "0.2.7",
    "ordered-set": "4.1.0",
    "outcome": "1.2.0",
    "palettable": "3.3.3",
    "pandas": "1.5.3",
    "pandocfilters": "1.4.3",
    "paramiko": "2.7.2",
    "paramz": "0.9.5",
    "partd": "1.2.0",
    "path": "16.0.0",
    "pathlib2": "2.3.6",
    "pathspec": "0.7.0",
    "pathy": "0.10.1",
    "patsy": "0.5.2",
    "pep8": "1.7.1",
    "periodictable": "1.6.1",
    "pexpect": "4.8.0",
    "pip": "23.2.1",
    "pkginfo": "1.7.1",
    "platformdirs": "3.5.1",
    "plotly": "5.14.1",
    "pluggy": "0.13.1",
    "ply": "3.11",
    "pmdarima": "1.8.5",
    "portpicker": "1.5.2",
    "poyo": "0.5.0",
    "preshed": "3.0.8",
    "prettytable": "3.4.1",
    "proglog": "0.1.10",
    "progressbar2": "4.2.0",
    "prometheus-client": "0.11.0",
    "protobuf": "3.20.3",
    "psycopg2-binary": "2.9.6",
    "ptyprocess": "0.7.0",
    "py": "1.10.0",
    "py4j": "0.10.9.7",
    "pydoe": "0.3.8",
    "pydeprecate": "0.3.2",
    "pyopenssl": "21.0.0",
    "pyaml": "21.10.1",
    "pyarrow": "12.0.0",
    "pyasn1": "0.4.8",
    "pyasn1-modules": "0.2.8",
    "pybtex": "0.24.0",
    "pycodestyle": "2.7.0",
    "pycosat": "0.6.3",
    "pycparser": "2.20",
    "pycuda": "2022.1+cuda116",
    "pycurl": "7.44.1",
    "pydantic": "1.10.8",
    "pydeck": "0.8.1b0",
    "pydocstyle": "6.1.1",
    "pyecharts": "1.9.1",
    "pyerfa": "2.0.0",
    "pyflakes": "2.3.1",
    "pygam": "0.9.0",
    "pylint": "2.9.6",
    "pyls-spyder": "0.4.0",
    "pymatgen": "2023.7.17",
    "pyodbc": "4.0.0-unsupported",
    "pyreadline": "2.1",
    "pyrsistent": "0.18.0",
    "pytesseract": "0.3.10",
    "pytest": "6.2.4",
    "python-lsp-black": "1.0.0",
    "python-lsp-jsonrpc": "1.0.0",
    "python-lsp-server": "1.2.4",
    "python-slugify": "5.0.2",
    "python-utils": "3.7.0",
    "pytools": "2023.1.1",
    "pytorch-lightning": "1.9.5",
    "pytorch-metric-learning": "1.7.3",
    "pytorch-tabnet": "4.0",
    "pytz": "2021.3",
    "pywin32-ctypes": "0.2.0",
    "pywinpty": "0.5.7",
    "qstylizer": "0.1.10",
    "qtconsole": "5.1.1",
    "radian": "0.6.4",
    "ray": "2.2.0",
    "rchitect": "0.3.40",
    "rdkit": "2023.3.2",
    "regex": "2021.8.3",
    "requests": "2.25.1",
    "requests-oauthlib": "1.3.1",
    "responses": "0.18.0",
    "retrying": "1.3.4",
    "rich": "13.3.5",
    "rope": "0.19.0",
    "rsa": "4.8",
    "ruamel.yaml": "0.17.32",
    "ruamel.yaml.clib": "0.2.7",
    "ruamel-yaml-conda": "0.15.100",
    "s3transfer": "0.6.1",
    "salib": "1.4.7",
    "scikit-image": "0.19.3",
    "scikit-learn": "1.2.2",
    "scikit-learn-intelex": "2021.20210714.120553",
    "scikit-optimize": "0.9.0",
    "scipy": "1.10.1",
    "seaborn": "0.11.2",
    "selenium": "4.10.0",
    "semver": "3.0.1",
    "sentencepiece": "0.1.99",
    "seqeval": "1.2.2",
    "setuptools": "67.8.0",
    "shap": "0.41.0",
    "simplegeneric": "0.8.1",
    "simplejson": "3.17.6",
    "singledispatch": "3.7.0",
    "sip": "4.19.13",
    "skope-rules": "1.0.1",
    "sktime": "0.15.1",
    "slicer": "0.0.7",
    "smart-open": "6.3.0",
    "smmap": "5.0.0",
    "snapshot-phantomjs": "0.0.3",
    "snapshot-selenium": "0.0.2",
    "sniffio": "1.2.0",
    "snowballstemmer": "2.1.0",
    "sortedcollections": "2.1.0",
    "sortedcontainers": "2.4.0",
    "soupsieve": "2.2.1",
    "spacy": "3.5.3",
    "spacy-legacy": "3.0.12",
    "spacy-loggers": "1.0.4",
    "spglib": "2.0.2",
    "sphinxcontrib-applehelp": "1.0.2",
    "sphinxcontrib-devhelp": "1.0.2",
    "sphinxcontrib-htmlhelp": "2.0.0",
    "sphinxcontrib-jsmath": "1.0.1",
    "sphinxcontrib-qthelp": "1.0.3",
    "sphinxcontrib-serializinghtml": "1.1.5",
    "sphinxcontrib-websupport": "1.2.4",
    "spyder": "5.1.5",
    "spyder-kernels": "2.1.3",
    "srsly": "2.4.6",
    "statsforecast": "1.4.0",
    "statsmodels": "0.13.5",
    "streamlit": "1.12.0",
    "sympy": "1.9",
    "tables": "3.6.1",
    "tabulate": "0.9.0",
    "tbats": "1.1.3",
    "tblib": "1.7.0",
    "tenacity": "8.2.2",
    "tensorboard": "2.13.0",
    "tensorboardx": "2.6",
    "tensorboard-data-server": "0.7.1",
    "tensorboard-plugin-wit": "1.8.1",
    "tensorflow": "2.13.0",
    "tensorflow-estimator": "2.13.0",
    "tensorflow-intel": "2.13.0",
    "tensorflow-io-gcs-filesystem": "0.26.0",
    "tensorflow-probability": "0.21.0",
    "tensorstore": "0.1.40",
    "termcolor": "1.1.0",
    "terminado": "0.9.4",
    "testpath": "0.5.0",
    "text-unidecode": "1.3",
    "textdistance": "4.2.1",
    "tfp-nightly": "0.20.0.dev20230706",
    "thinc": "8.1.10",
    "threadpoolctl": "2.2.0",
    "three-merge": "0.1.1",
    "tifffile": "2021.7.2",
    "timm": "0.6.13",
    "tinycss": "0.4",
    "tokenizers": "0.13.3",
    "toml": "0.10.2",
    "toolz": "0.11.1",
    "torch": "1.11.0",
    "torchaudio": "0.11.0",
    "torchmetrics": "0.8.2",
    "torchvision": "0.12.0",
    "tqdm": "4.62.3",
    "transformers": "4.26.1",
    "treeinterpreter": "0.2.3",
    "trio": "0.22.0",
    "trio-websocket": "0.10.3",
    "tushare": "1.2.89",
    "typed-ast": "1.4.3",
    "typeguard": "2.13.3",
    "typer": "0.7.0",
    "typing-extensions": "4.5.0",
    "tzdata": "2023.3",
    "tzlocal": "5.0.1",
    "ujson": "5.7.0",
    "uncertainties": "3.1.7",
    "unicodecsv": "0.14.1",
    "urllib3": "1.26.7",
    "validators": "0.22.0",
    "virtualenv": "20.23.0",
    "wasabi": "1.1.1",
    "watchdog": "2.1.3",
    "webencodings": "0.5.1",
    "websocket-client": "0.57.0",
    "wheel": "0.40.0",
    "whichcraft": "0.6.1",
    "widgetsnbextension": "3.5.1",
    "win-inet-pton": "1.1.0",
    "win-unicode-console": "0.5",
    "wincertstore": "0.2",
    "wrapt": "1.12.1",
    "wsproto": "1.2.0",
    "xgboost": "1.7.5",
    "xlrd": "1.2.0",
    "xlwings": "0.24.9",
    "xlwt": "1.3.0",
    "xmltodict": "0.12.0",
    "xxhash": "3.2.0",
    "yapf": "0.31.0",
    "yarl": "1.9.2",
    "zict": "2.0.0",
    "zipp": "3.6.0",
    "zope.event": "4.5.0",
    "zope.interface": "5.4.0",
    "-": "otobuf",
    "-rotobuf": "3.19.0",
    "locket": "0.2.1"
  }
}